track_fid,track_se_1,ele,time,latitude,longitude
"0","0",3.400000095367432,2020/05/28 20:05:39.000,25.772548,-80.338783
"0","1",3.400000095367432,2020/05/28 20:05:40.000,25.772536,-80.338803
"0","2",3.599999904632568,2020/05/28 20:05:41.000,25.772527,-80.338833
"0","3",3.799999952316284,2020/05/28 20:05:42.000,25.772514,-80.338864
"0","4",3.799999952316284,2020/05/28 20:05:44.000,25.772498,-80.338929
"0","5",3.599999904632568,2020/05/28 20:05:45.000,25.772495,-80.338964
"0","6",3.599999904632568,2020/05/28 20:05:51.000,25.772432,-80.339158
"0","7",3.599999904632568,2020/05/28 20:05:54.000,25.772387,-80.339245
"0","8",4.199999809265137,2020/05/28 20:05:59.000,25.772288,-80.339330
"0","9",4.599999904632568,2020/05/28 20:06:00.000,25.772275,-80.339350
"0","10",4.599999904632568,2020/05/28 20:06:01.000,25.772264,-80.339374
"0","11",5.199999809265137,2020/05/28 20:06:03.000,25.772242,-80.339431
"0","12",5.400000095367432,2020/05/28 20:06:05.000,25.772228,-80.339484
"0","13",5.800000190734863,2020/05/28 20:06:06.000,25.772218,-80.339509
"0","14",4.800000190734863,2020/05/28 20:06:11.000,25.772196,-80.339645
"0","15",4.599999904632568,2020/05/28 20:06:12.000,25.772203,-80.339670
"0","16",4.000000000000000,2020/05/28 20:06:16.000,25.772265,-80.339756
"0","17",4.599999904632568,2020/05/28 20:06:21.000,25.772358,-80.339853
"0","18",4.400000095367432,2020/05/28 20:06:25.000,25.772430,-80.339921
"0","19",4.199999809265137,2020/05/28 20:06:31.000,25.772558,-80.340024
"0","20",4.199999809265137,2020/05/28 20:06:36.000,25.772640,-80.340142
"0","21",4.400000095367432,2020/05/28 20:06:42.000,25.772741,-80.340290
"0","22",4.199999809265137,2020/05/28 20:06:49.000,25.772844,-80.340467
"0","23",4.199999809265137,2020/05/28 20:06:56.000,25.772945,-80.340644
"0","24",4.199999809265137,2020/05/28 20:06:58.000,25.772967,-80.340692
"0","25",4.400000095367432,2020/05/28 20:07:04.000,25.773063,-80.340852
"0","26",4.400000095367432,2020/05/28 20:07:11.000,25.773182,-80.341036
"0","27",4.400000095367432,2020/05/28 20:07:17.000,25.773271,-80.341209
"0","28",4.400000095367432,2020/05/28 20:07:19.000,25.773291,-80.341273
"0","29",4.400000095367432,2020/05/28 20:07:26.000,25.773372,-80.341489
"0","30",4.599999904632568,2020/05/28 20:07:33.000,25.773416,-80.341713
"0","31",4.599999904632568,2020/05/28 20:07:34.000,25.773417,-80.341745
"0","32",4.599999904632568,2020/05/28 20:07:40.000,25.773348,-80.341925
"0","33",4.800000190734863,2020/05/28 20:07:46.000,25.773305,-80.342102
"0","34",4.800000190734863,2020/05/28 20:07:50.000,25.773223,-80.342166
"0","35",5.000000000000000,2020/05/28 20:07:51.000,25.773200,-80.342179
"0","36",5.199999809265137,2020/05/28 20:07:57.000,25.773040,-80.342237
"0","37",5.199999809265137,2020/05/28 20:08:03.000,25.772862,-80.342318
"0","38",5.199999809265137,2020/05/28 20:08:06.000,25.772772,-80.342360
"0","39",4.800000190734863,2020/05/28 20:08:12.000,25.772605,-80.342441
"0","40",4.599999904632568,2020/05/28 20:08:14.000,25.772550,-80.342473
"0","41",4.599999904632568,2020/05/28 20:08:21.000,25.772367,-80.342564
"0","42",4.800000190734863,2020/05/28 20:08:26.000,25.772266,-80.342629
"0","43",5.199999809265137,2020/05/28 20:08:34.000,25.772078,-80.342727
"0","44",5.199999809265137,2020/05/28 20:08:41.000,25.771908,-80.342811
"0","45",5.400000095367432,2020/05/28 20:08:43.000,25.771858,-80.342836
"0","46",5.599999904632568,2020/05/28 20:08:44.000,25.771832,-80.342848
"0","47",5.599999904632568,2020/05/28 20:08:47.000,25.771782,-80.342913
"0","48",5.599999904632568,2020/05/28 20:08:48.000,25.771776,-80.342941
"0","49",4.800000190734863,2020/05/28 20:08:53.000,25.771803,-80.343101
"0","50",4.599999904632568,2020/05/28 20:08:59.000,25.771839,-80.343298
"0","51",4.599999904632568,2020/05/28 20:09:01.000,25.771858,-80.343366
"0","52",4.599999904632568,2020/05/28 20:09:08.000,25.771863,-80.343574
"0","53",4.599999904632568,2020/05/28 20:09:14.000,25.771767,-80.343665
"0","54",4.599999904632568,2020/05/28 20:09:17.000,25.771708,-80.343711
"0","55",4.400000095367432,2020/05/28 20:09:22.000,25.771588,-80.343774
"0","56",4.400000095367432,2020/05/28 20:09:29.000,25.771424,-80.343873
"0","57",4.400000095367432,2020/05/28 20:09:36.000,25.771260,-80.343951
"0","58",4.400000095367432,2020/05/28 20:09:43.000,25.771118,-80.344107
"0","59",4.400000095367432,2020/05/28 20:09:44.000,25.771105,-80.344139
"0","60",4.400000095367432,2020/05/28 20:09:51.000,25.771029,-80.344355
"0","61",4.400000095367432,2020/05/28 20:09:53.000,25.771010,-80.344411
"0","62",4.599999904632568,2020/05/28 20:10:00.000,25.770944,-80.344611
"0","63",4.599999904632568,2020/05/28 20:10:02.000,25.770917,-80.344662
"0","64",4.400000095367432,2020/05/28 20:10:10.000,25.770828,-80.344862
"0","65",4.599999904632568,2020/05/28 20:10:16.000,25.770783,-80.345032
"0","66",4.599999904632568,2020/05/28 20:10:23.000,25.770712,-80.345228
"0","67",4.599999904632568,2020/05/28 20:10:30.000,25.770636,-80.345408
"0","68",4.599999904632568,2020/05/28 20:10:32.000,25.770607,-80.345444
"0","69",4.599999904632568,2020/05/28 20:10:39.000,25.770556,-80.345634
"0","70",4.599999904632568,2020/05/28 20:10:45.000,25.770557,-80.345831
"0","71",4.599999904632568,2020/05/28 20:10:51.000,25.770580,-80.346012
"0","72",4.599999904632568,2020/05/28 20:11:04.000,25.770602,-80.346103
"0","73",4.599999904632568,2020/05/28 20:11:07.000,25.770617,-80.346156
"0","74",4.800000190734863,2020/05/28 20:11:10.000,25.770650,-80.346238
"0","75",5.199999809265137,2020/05/28 20:11:15.000,25.770727,-80.346377
"0","76",5.199999809265137,2020/05/28 20:11:17.000,25.770753,-80.346435
"0","77",5.199999809265137,2020/05/28 20:11:22.000,25.770817,-80.346574
"0","78",5.000000000000000,2020/05/28 20:11:26.000,25.770870,-80.346682
"0","79",4.800000190734863,2020/05/28 20:11:32.000,25.770921,-80.346859
"0","80",4.800000190734863,2020/05/28 20:11:39.000,25.770922,-80.347067
"0","81",4.800000190734863,2020/05/28 20:11:40.000,25.770923,-80.347098
"0","82",4.800000190734863,2020/05/28 20:11:47.000,25.770906,-80.347312
"0","83",4.800000190734863,2020/05/28 20:11:48.000,25.770901,-80.347342
"0","84",4.800000190734863,2020/05/28 20:11:55.000,25.770893,-80.347554
"0","85",5.000000000000000,2020/05/28 20:12:03.000,25.770961,-80.347758
"0","86",5.199999809265137,2020/05/28 20:12:11.000,25.771049,-80.347955
"0","87",5.199999809265137,2020/05/28 20:12:12.000,25.771068,-80.347977
"0","88",5.199999809265137,2020/05/28 20:12:19.000,25.771184,-80.348148
"0","89",5.199999809265137,2020/05/28 20:12:20.000,25.771198,-80.348172
"0","90",5.000000000000000,2020/05/28 20:12:28.000,25.771294,-80.348370
"0","91",5.000000000000000,2020/05/28 20:12:30.000,25.771323,-80.348420
"0","92",5.000000000000000,2020/05/28 20:12:38.000,25.771427,-80.348611
"0","93",5.000000000000000,2020/05/28 20:12:40.000,25.771449,-80.348659
"0","94",4.800000190734863,2020/05/28 20:12:48.000,25.771536,-80.348846
"0","95",4.599999904632568,2020/05/28 20:12:54.000,25.771582,-80.348986
"0","96",4.599999904632568,2020/05/28 20:13:03.000,25.771673,-80.349178
"0","97",4.599999904632568,2020/05/28 20:13:04.000,25.771687,-80.349200
"0","98",4.800000190734863,2020/05/28 20:13:11.000,25.771807,-80.349374
"0","99",5.000000000000000,2020/05/28 20:13:18.000,25.771903,-80.349550
"0","100",5.199999809265137,2020/05/28 20:13:20.000,25.771934,-80.349604
"0","101",5.199999809265137,2020/05/28 20:13:27.000,25.772022,-80.349789
"0","102",5.199999809265137,2020/05/28 20:13:35.000,25.772077,-80.350004
"0","103",5.400000095367432,2020/05/28 20:13:42.000,25.772113,-80.350166
"0","104",5.199999809265137,2020/05/28 20:13:48.000,25.772230,-80.350323
"0","105",5.199999809265137,2020/05/28 20:13:51.000,25.772279,-80.350392
"0","106",5.199999809265137,2020/05/28 20:13:56.000,25.772392,-80.350455
"0","107",5.000000000000000,2020/05/28 20:14:03.000,25.772567,-80.350422
"0","108",5.000000000000000,2020/05/28 20:14:11.000,25.772759,-80.350398
"0","109",5.000000000000000,2020/05/28 20:14:12.000,25.772783,-80.350396
"0","110",5.000000000000000,2020/05/28 20:14:20.000,25.772971,-80.350413
"0","111",5.000000000000000,2020/05/28 20:14:28.000,25.773164,-80.350435
"0","112",5.199999809265137,2020/05/28 20:14:36.000,25.773362,-80.350456
"0","113",5.199999809265137,2020/05/28 20:14:43.000,25.773529,-80.350465
"0","114",5.000000000000000,2020/05/28 20:14:50.000,25.773705,-80.350513
"0","115",4.800000190734863,2020/05/28 20:14:51.000,25.773728,-80.350522
"0","116",4.400000095367432,2020/05/28 20:14:58.000,25.773886,-80.350585
"0","117",4.400000095367432,2020/05/28 20:15:06.000,25.774060,-80.350651
"0","118",4.199999809265137,2020/05/28 20:15:13.000,25.774226,-80.350703
"0","119",4.000000000000000,2020/05/28 20:15:21.000,25.774415,-80.350777
"0","120",3.799999952316284,2020/05/28 20:15:28.000,25.774572,-80.350851
"0","121",3.799999952316284,2020/05/28 20:15:35.000,25.774713,-80.350892
"0","122",3.799999952316284,2020/05/28 20:15:42.000,25.774850,-80.350917
"0","123",3.799999952316284,2020/05/28 20:15:49.000,25.775011,-80.350954
"0","124",3.799999952316284,2020/05/28 20:15:57.000,25.775193,-80.350978
"0","125",3.799999952316284,2020/05/28 20:16:02.000,25.775312,-80.350951
"0","126",4.000000000000000,2020/05/28 20:16:06.000,25.775374,-80.351030
"0","127",5.000000000000000,2020/05/28 20:16:14.000,25.775451,-80.351232
"0","128",5.599999904632568,2020/05/28 20:16:21.000,25.775497,-80.351418
"0","129",5.800000190734863,2020/05/28 20:16:29.000,25.775518,-80.351644
"0","130",5.800000190734863,2020/05/28 20:16:35.000,25.775535,-80.351818
"0","131",5.400000095367432,2020/05/28 20:16:42.000,25.775581,-80.352026
"0","132",5.400000095367432,2020/05/28 20:16:43.000,25.775599,-80.352058
"0","133",5.000000000000000,2020/05/28 20:16:50.000,25.775644,-80.352268
"0","134",5.000000000000000,2020/05/28 20:16:51.000,25.775649,-80.352297
"0","135",4.400000095367432,2020/05/28 20:16:57.000,25.775691,-80.352459
"0","136",4.400000095367432,2020/05/28 20:16:58.000,25.775694,-80.352482
"0","137",4.199999809265137,2020/05/28 20:17:05.000,25.775682,-80.352647
"0","138",4.000000000000000,2020/05/28 20:17:14.000,25.775656,-80.352864
"0","139",4.000000000000000,2020/05/28 20:17:16.000,25.775648,-80.352910
"0","140",4.000000000000000,2020/05/28 20:17:22.000,25.775626,-80.353088
"0","141",4.000000000000000,2020/05/28 20:17:24.000,25.775630,-80.353149
"0","142",4.000000000000000,2020/05/28 20:17:29.000,25.775648,-80.353305
"0","143",3.799999952316284,2020/05/28 20:17:33.000,25.775623,-80.353428
"0","144",3.799999952316284,2020/05/28 20:17:34.000,25.775603,-80.353445
"0","145",3.799999952316284,2020/05/28 20:17:39.000,25.775484,-80.353455
"0","146",4.000000000000000,2020/05/28 20:17:46.000,25.775317,-80.353445
"0","147",4.199999809265137,2020/05/28 20:17:53.000,25.775159,-80.353428
"0","148",4.199999809265137,2020/05/28 20:18:01.000,25.774954,-80.353411
"0","149",4.000000000000000,2020/05/28 20:18:09.000,25.774775,-80.353399
"0","150",4.400000095367432,2020/05/28 20:18:16.000,25.774592,-80.353403
"0","151",4.599999904632568,2020/05/28 20:18:23.000,25.774411,-80.353391
"0","152",4.599999904632568,2020/05/28 20:18:30.000,25.774246,-80.353382
"0","153",4.599999904632568,2020/05/28 20:18:38.000,25.774056,-80.353366
"0","154",4.599999904632568,2020/05/28 20:18:46.000,25.773862,-80.353348
"0","155",4.599999904632568,2020/05/28 20:18:48.000,25.773811,-80.353346
"0","156",4.400000095367432,2020/05/28 20:18:54.000,25.773656,-80.353400
"0","157",4.800000190734863,2020/05/28 20:19:01.000,25.773496,-80.353453
"0","158",5.000000000000000,2020/05/28 20:19:06.000,25.773400,-80.353527
"0","159",5.199999809265137,2020/05/28 20:19:12.000,25.773254,-80.353587
"0","160",5.000000000000000,2020/05/28 20:19:20.000,25.773097,-80.353570
"0","161",4.599999904632568,2020/05/28 20:19:28.000,25.772903,-80.353552
"0","162",4.599999904632568,2020/05/28 20:19:35.000,25.772727,-80.353565
"0","163",4.800000190734863,2020/05/28 20:19:42.000,25.772525,-80.353630
"0","164",4.800000190734863,2020/05/28 20:19:49.000,25.772335,-80.353654
"0","165",4.800000190734863,2020/05/28 20:19:50.000,25.772308,-80.353657
"0","166",5.000000000000000,2020/05/28 20:19:57.000,25.772132,-80.353650
"0","167",5.000000000000000,2020/05/28 20:20:04.000,25.771944,-80.353643
"0","168",5.000000000000000,2020/05/28 20:20:12.000,25.771749,-80.353627
"0","169",5.000000000000000,2020/05/28 20:20:20.000,25.771550,-80.353620
"0","170",5.000000000000000,2020/05/28 20:20:27.000,25.771384,-80.353599
"0","171",5.199999809265137,2020/05/28 20:20:34.000,25.771202,-80.353584
"0","172",5.199999809265137,2020/05/28 20:20:35.000,25.771177,-80.353576
"0","173",5.199999809265137,2020/05/28 20:20:43.000,25.770977,-80.353520
"0","174",5.199999809265137,2020/05/28 20:20:51.000,25.770781,-80.353471
"0","175",5.199999809265137,2020/05/28 20:20:58.000,25.770609,-80.353448
"0","176",5.199999809265137,2020/05/28 20:21:05.000,25.770436,-80.353457
"0","177",5.000000000000000,2020/05/28 20:21:12.000,25.770259,-80.353448
"0","178",4.800000190734863,2020/05/28 20:21:20.000,25.770072,-80.353426
"0","179",4.800000190734863,2020/05/28 20:21:21.000,25.770047,-80.353423
"0","180",4.800000190734863,2020/05/28 20:21:29.000,25.769850,-80.353401
"0","181",4.800000190734863,2020/05/28 20:21:37.000,25.769652,-80.353379
"0","182",5.000000000000000,2020/05/28 20:21:45.000,25.769460,-80.353341
"0","183",5.000000000000000,2020/05/28 20:21:48.000,25.769381,-80.353328
"0","184",5.000000000000000,2020/05/28 20:21:56.000,25.769184,-80.353320
"0","185",5.000000000000000,2020/05/28 20:21:57.000,25.769162,-80.353332
"0","186",5.000000000000000,2020/05/28 20:21:58.000,25.769146,-80.353348
"0","187",5.000000000000000,2020/05/28 20:22:01.000,25.769124,-80.353416
"0","188",5.000000000000000,2020/05/28 20:22:07.000,25.769099,-80.353571
"0","189",5.000000000000000,2020/05/28 20:22:15.000,25.769109,-80.353781
"0","190",5.000000000000000,2020/05/28 20:22:22.000,25.769105,-80.353987
"0","191",5.000000000000000,2020/05/28 20:22:29.000,25.769105,-80.354195
"0","192",5.000000000000000,2020/05/28 20:22:37.000,25.769107,-80.354398
"0","193",5.000000000000000,2020/05/28 20:22:39.000,25.769105,-80.354450
"0","194",4.800000190734863,2020/05/28 20:22:47.000,25.769101,-80.354650
"0","195",5.000000000000000,2020/05/28 20:22:55.000,25.769108,-80.354856
"0","196",5.000000000000000,2020/05/28 20:22:56.000,25.769108,-80.354882
"0","197",5.000000000000000,2020/05/28 20:23:04.000,25.769105,-80.355102
"0","198",5.000000000000000,2020/05/28 20:23:06.000,25.769104,-80.355161
"0","199",5.000000000000000,2020/05/28 20:23:13.000,25.769095,-80.355341
"0","200",5.000000000000000,2020/05/28 20:23:21.000,25.769092,-80.355540
"0","201",5.199999809265137,2020/05/28 20:23:28.000,25.769071,-80.355684
"0","202",5.199999809265137,2020/05/28 20:23:31.000,25.769078,-80.355751
"0","203",5.199999809265137,2020/05/28 20:23:34.000,25.769084,-80.355828
"0","204",5.199999809265137,2020/05/28 20:23:41.000,25.769095,-80.356029
"0","205",5.000000000000000,2020/05/28 20:23:48.000,25.769080,-80.356223
"0","206",5.000000000000000,2020/05/28 20:23:55.000,25.769076,-80.356432
"0","207",5.199999809265137,2020/05/28 20:23:57.000,25.769070,-80.356487
"0","208",5.199999809265137,2020/05/28 20:24:04.000,25.769073,-80.356674
"0","209",5.199999809265137,2020/05/28 20:24:12.000,25.769050,-80.356892
"0","210",5.000000000000000,2020/05/28 20:24:17.000,25.769079,-80.357012
"0","211",5.000000000000000,2020/05/28 20:24:22.000,25.769184,-80.357062
"0","212",5.199999809265137,2020/05/28 20:24:29.000,25.769338,-80.357109
"0","213",5.400000095367432,2020/05/28 20:24:30.000,25.769359,-80.357119
"0","214",5.400000095367432,2020/05/28 20:24:37.000,25.769521,-80.357162
"0","215",5.599999904632568,2020/05/28 20:24:38.000,25.769542,-80.357167
"0","216",5.400000095367432,2020/05/28 20:24:46.000,25.769726,-80.357185
"0","217",5.400000095367432,2020/05/28 20:24:54.000,25.769922,-80.357207
"0","218",5.400000095367432,2020/05/28 20:25:02.000,25.770102,-80.357197
"0","219",5.599999904632568,2020/05/28 20:25:09.000,25.770250,-80.357188
"0","220",6.000000000000000,2020/05/28 20:25:18.000,25.770433,-80.357206
"0","221",5.800000190734863,2020/05/28 20:25:19.000,25.770454,-80.357213
"0","222",5.599999904632568,2020/05/28 20:25:27.000,25.770651,-80.357242
"0","223",5.400000095367432,2020/05/28 20:25:35.000,25.770844,-80.357256
"0","224",5.400000095367432,2020/05/28 20:25:36.000,25.770868,-80.357256
"0","225",5.400000095367432,2020/05/28 20:25:43.000,25.771044,-80.357265
"0","226",5.400000095367432,2020/05/28 20:25:47.000,25.771129,-80.357291
"0","227",5.400000095367432,2020/05/28 20:25:49.000,25.771146,-80.357335
"0","228",5.400000095367432,2020/05/28 20:25:55.000,25.771174,-80.357485
"0","229",5.599999904632568,2020/05/28 20:26:05.000,25.771246,-80.357694
"0","230",5.800000190734863,2020/05/28 20:26:14.000,25.771253,-80.357893
"0","231",5.800000190734863,2020/05/28 20:26:20.000,25.771257,-80.358060
"0","232",5.800000190734863,2020/05/28 20:26:25.000,25.771330,-80.358109
"0","233",5.800000190734863,2020/05/28 20:26:33.000,25.771516,-80.358129
"0","234",5.800000190734863,2020/05/28 20:26:40.000,25.771713,-80.358173
"0","235",5.800000190734863,2020/05/28 20:26:47.000,25.771840,-80.358314
"0","236",5.800000190734863,2020/05/28 20:26:53.000,25.771895,-80.358475
"0","237",5.800000190734863,2020/05/28 20:27:00.000,25.771936,-80.358692
"0","238",5.800000190734863,2020/05/28 20:27:04.000,25.771952,-80.358774
"0","239",5.599999904632568,2020/05/28 20:27:12.000,25.771993,-80.358993
"0","240",5.599999904632568,2020/05/28 20:27:13.000,25.771994,-80.359020
"0","241",5.400000095367432,2020/05/28 20:27:21.000,25.772023,-80.359224
"0","242",5.400000095367432,2020/05/28 20:27:28.000,25.772112,-80.359382
"0","243",5.400000095367432,2020/05/28 20:27:35.000,25.772182,-80.359564
"0","244",5.199999809265137,2020/05/28 20:27:42.000,25.772216,-80.359765
"0","245",5.400000095367432,2020/05/28 20:27:49.000,25.772239,-80.359961
"0","246",5.800000190734863,2020/05/28 20:27:57.000,25.772221,-80.360180
"0","247",6.000000000000000,2020/05/28 20:27:59.000,25.772214,-80.360235
"0","248",6.199999809265137,2020/05/28 20:28:07.000,25.772189,-80.360444
"0","249",6.199999809265137,2020/05/28 20:28:08.000,25.772187,-80.360471
"0","250",6.000000000000000,2020/05/28 20:28:16.000,25.772189,-80.360679
"0","251",6.000000000000000,2020/05/28 20:28:17.000,25.772192,-80.360710
"0","252",5.599999904632568,2020/05/28 20:28:25.000,25.772190,-80.360930
"0","253",5.599999904632568,2020/05/28 20:28:30.000,25.772090,-80.360993
"0","254",5.400000095367432,2020/05/28 20:28:37.000,25.771923,-80.360994
"0","255",5.400000095367432,2020/05/28 20:28:45.000,25.771718,-80.360981
"0","256",5.400000095367432,2020/05/28 20:28:47.000,25.771667,-80.360981
"0","257",5.400000095367432,2020/05/28 20:28:55.000,25.771470,-80.360969
"0","258",5.199999809265137,2020/05/28 20:28:56.000,25.771443,-80.360966
"0","259",5.400000095367432,2020/05/28 20:29:04.000,25.771247,-80.360922
"0","260",5.800000190734863,2020/05/28 20:29:11.000,25.771083,-80.360885
"0","261",5.599999904632568,2020/05/28 20:29:19.000,25.770905,-80.360830
"0","262",5.199999809265137,2020/05/28 20:29:27.000,25.770719,-80.360796
"0","263",5.199999809265137,2020/05/28 20:29:28.000,25.770696,-80.360791
"0","264",5.199999809265137,2020/05/28 20:29:34.000,25.770586,-80.360718
"0","265",5.199999809265137,2020/05/28 20:29:41.000,25.770510,-80.360575
"0","266",5.400000095367432,2020/05/28 20:29:47.000,25.770375,-80.360569
"0","267",5.400000095367432,2020/05/28 20:29:49.000,25.770328,-80.360565
"0","268",5.400000095367432,2020/05/28 20:29:55.000,25.770194,-80.360561
"0","269",5.400000095367432,2020/05/28 20:30:04.000,25.769995,-80.360559
"0","270",5.400000095367432,2020/05/28 20:30:05.000,25.769972,-80.360559
"0","271",5.199999809265137,2020/05/28 20:30:11.000,25.769861,-80.360496
"0","272",5.199999809265137,2020/05/28 20:30:17.000,25.769876,-80.360351
"0","273",5.000000000000000,2020/05/28 20:30:24.000,25.769975,-80.360212
"0","274",5.000000000000000,2020/05/28 20:30:31.000,25.770049,-80.360047
"0","275",4.800000190734863,2020/05/28 20:30:39.000,25.770088,-80.359839
"0","276",4.599999904632568,2020/05/28 20:30:47.000,25.770086,-80.359619
"0","277",4.599999904632568,2020/05/28 20:30:49.000,25.770091,-80.359568
"0","278",4.599999904632568,2020/05/28 20:30:50.000,25.770107,-80.359550
"0","279",4.599999904632568,2020/05/28 20:30:52.000,25.770155,-80.359540
"0","280",4.800000190734863,2020/05/28 20:31:00.000,25.770350,-80.359559
"0","281",5.199999809265137,2020/05/28 20:31:08.000,25.770533,-80.359570
"0","282",5.199999809265137,2020/05/28 20:31:09.000,25.770559,-80.359572
"0","283",5.000000000000000,2020/05/28 20:31:15.000,25.770709,-80.359534
"0","284",5.000000000000000,2020/05/28 20:31:21.000,25.770850,-80.359520
"0","285",5.000000000000000,2020/05/28 20:31:29.000,25.771020,-80.359503
"0","286",5.000000000000000,2020/05/28 20:31:33.000,25.771044,-80.359383
"0","287",5.199999809265137,2020/05/28 20:31:40.000,25.771069,-80.359171
"0","288",5.000000000000000,2020/05/28 20:31:42.000,25.771083,-80.359115
"0","289",5.199999809265137,2020/05/28 20:31:47.000,25.771168,-80.359007
"0","290",5.000000000000000,2020/05/28 20:31:53.000,25.771223,-80.358839
"0","291",5.199999809265137,2020/05/28 20:32:01.000,25.771266,-80.358619
"0","292",5.199999809265137,2020/05/28 20:32:02.000,25.771271,-80.358594
"0","293",5.400000095367432,2020/05/28 20:32:09.000,25.771264,-80.358380
"0","294",5.400000095367432,2020/05/28 20:32:10.000,25.771271,-80.358354
"0","295",5.400000095367432,2020/05/28 20:32:13.000,25.771302,-80.358303
"0","296",5.400000095367432,2020/05/28 20:32:14.000,25.771313,-80.358297
"0","297",5.400000095367432,2020/05/28 20:32:21.000,25.771432,-80.358243
"0","298",5.199999809265137,2020/05/28 20:32:29.000,25.771596,-80.358215
"0","299",5.000000000000000,2020/05/28 20:32:35.000,25.771725,-80.358286
"0","300",5.000000000000000,2020/05/28 20:32:41.000,25.771838,-80.358425
"0","301",5.000000000000000,2020/05/28 20:32:48.000,25.771903,-80.358614
"0","302",5.000000000000000,2020/05/28 20:32:49.000,25.771907,-80.358637
"0","303",4.800000190734863,2020/05/28 20:32:57.000,25.771932,-80.358848
"0","304",4.800000190734863,2020/05/28 20:33:04.000,25.771970,-80.359050
"0","305",4.599999904632568,2020/05/28 20:33:06.000,25.771981,-80.359105
"0","306",4.800000190734863,2020/05/28 20:33:14.000,25.772046,-80.359303
"0","307",4.599999904632568,2020/05/28 20:33:15.000,25.772059,-80.359323
"0","308",5.199999809265137,2020/05/28 20:33:22.000,25.772152,-80.359470
"0","309",5.000000000000000,2020/05/28 20:33:30.000,25.772208,-80.359681
"0","310",5.199999809265137,2020/05/28 20:33:38.000,25.772231,-80.359888
"0","311",5.800000190734863,2020/05/28 20:33:46.000,25.772224,-80.360097
"0","312",6.199999809265137,2020/05/28 20:33:54.000,25.772219,-80.360298
"0","313",6.199999809265137,2020/05/28 20:34:01.000,25.772216,-80.360475
"0","314",6.000000000000000,2020/05/28 20:34:09.000,25.772204,-80.360689
"0","315",6.000000000000000,2020/05/28 20:34:17.000,25.772199,-80.360886
"0","316",5.800000190734863,2020/05/28 20:34:20.000,25.772164,-80.360951
"0","317",5.599999904632568,2020/05/28 20:34:22.000,25.772106,-80.360957
"0","318",6.000000000000000,2020/05/28 20:34:30.000,25.771905,-80.360944
"0","319",5.800000190734863,2020/05/28 20:34:32.000,25.771853,-80.360938
"0","320",6.000000000000000,2020/05/28 20:34:40.000,25.771649,-80.360935
"0","321",6.000000000000000,2020/05/28 20:34:42.000,25.771604,-80.360932
"0","322",6.000000000000000,2020/05/28 20:34:50.000,25.771415,-80.360930
"0","323",5.800000190734863,2020/05/28 20:34:58.000,25.771232,-80.360920
"0","324",5.800000190734863,2020/05/28 20:34:59.000,25.771210,-80.360919
"0","325",5.800000190734863,2020/05/28 20:35:06.000,25.771048,-80.360895
"0","326",5.800000190734863,2020/05/28 20:35:13.000,25.770877,-80.360862
"0","327",5.599999904632568,2020/05/28 20:35:21.000,25.770691,-80.360827
"0","328",5.599999904632568,2020/05/28 20:35:23.000,25.770645,-80.360810
"0","329",5.400000095367432,2020/05/28 20:35:29.000,25.770543,-80.360705
"0","330",5.400000095367432,2020/05/28 20:35:35.000,25.770414,-80.360633
"0","331",5.400000095367432,2020/05/28 20:35:42.000,25.770242,-80.360609
"0","332",5.599999904632568,2020/05/28 20:35:50.000,25.770050,-80.360606
"0","333",5.400000095367432,2020/05/28 20:35:58.000,25.769855,-80.360587
"0","334",5.400000095367432,2020/05/28 20:35:59.000,25.769839,-80.360567
"0","335",5.400000095367432,2020/05/28 20:36:02.000,25.769824,-80.360485
"0","336",5.400000095367432,2020/05/28 20:36:04.000,25.769828,-80.360427
"0","337",5.000000000000000,2020/05/28 20:36:09.000,25.769860,-80.360300
"0","338",5.000000000000000,2020/05/28 20:36:16.000,25.769917,-80.360134
"0","339",5.199999809265137,2020/05/28 20:36:21.000,25.769994,-80.360035
"0","340",5.199999809265137,2020/05/28 20:36:27.000,25.770061,-80.359886
"0","341",5.000000000000000,2020/05/28 20:36:34.000,25.770080,-80.359693
"0","342",4.800000190734863,2020/05/28 20:36:38.000,25.770114,-80.359591
"0","343",4.800000190734863,2020/05/28 20:36:39.000,25.770137,-80.359582
"0","344",4.800000190734863,2020/05/28 20:36:45.000,25.770288,-80.359572
"0","345",5.000000000000000,2020/05/28 20:36:51.000,25.770426,-80.359554
"0","346",5.000000000000000,2020/05/28 20:36:58.000,25.770594,-80.359514
"0","347",5.000000000000000,2020/05/28 20:37:05.000,25.770781,-80.359520
"0","348",5.000000000000000,2020/05/28 20:37:06.000,25.770807,-80.359520
"0","349",4.800000190734863,2020/05/28 20:37:13.000,25.770988,-80.359528
"0","350",4.599999904632568,2020/05/28 20:37:15.000,25.771026,-80.359512
"0","351",4.599999904632568,2020/05/28 20:37:17.000,25.771048,-80.359468
"0","352",4.599999904632568,2020/05/28 20:37:24.000,25.771054,-80.359279
"0","353",4.599999904632568,2020/05/28 20:37:29.000,25.771081,-80.359152
"0","354",4.599999904632568,2020/05/28 20:37:30.000,25.771101,-80.359138
"0","355",5.599999904632568,2020/05/28 20:37:36.000,25.771199,-80.359055
"0","356",5.199999809265137,2020/05/28 20:37:44.000,25.771249,-80.358849
"0","357",5.199999809265137,2020/05/28 20:37:51.000,25.771271,-80.358672
"0","358",5.199999809265137,2020/05/28 20:37:59.000,25.771300,-80.358464
"0","359",5.400000095367432,2020/05/28 20:38:04.000,25.771330,-80.358367
"0","360",5.400000095367432,2020/05/28 20:38:05.000,25.771340,-80.358357
"0","361",5.400000095367432,2020/05/28 20:38:09.000,25.771411,-80.358343
"0","362",5.400000095367432,2020/05/28 20:38:15.000,25.771527,-80.358291
"0","363",5.199999809265137,2020/05/28 20:38:23.000,25.771688,-80.358244
"0","364",5.199999809265137,2020/05/28 20:38:28.000,25.771786,-80.358333
"0","365",5.000000000000000,2020/05/28 20:38:35.000,25.771855,-80.358510
"0","366",5.199999809265137,2020/05/28 20:38:42.000,25.771885,-80.358688
"0","367",5.199999809265137,2020/05/28 20:38:49.000,25.771912,-80.358870
"0","368",5.000000000000000,2020/05/28 20:38:57.000,25.771935,-80.359091
"0","369",5.000000000000000,2020/05/28 20:39:05.000,25.771998,-80.359296
"0","370",5.000000000000000,2020/05/28 20:39:06.000,25.772006,-80.359321
"0","371",4.800000190734863,2020/05/28 20:39:14.000,25.772097,-80.359516
"0","372",4.800000190734863,2020/05/28 20:39:21.000,25.772126,-80.359696
"0","373",5.000000000000000,2020/05/28 20:39:28.000,25.772141,-80.359861
"0","374",5.199999809265137,2020/05/28 20:39:36.000,25.772155,-80.360054
"0","375",5.199999809265137,2020/05/28 20:39:42.000,25.772152,-80.360212
"0","376",5.199999809265137,2020/05/28 20:39:50.000,25.772147,-80.360410
"0","377",4.800000190734863,2020/05/28 20:39:58.000,25.772151,-80.360595
"0","378",4.800000190734863,2020/05/28 20:40:06.000,25.772132,-80.360790
"0","379",4.800000190734863,2020/05/28 20:40:13.000,25.772148,-80.360953
"0","380",4.800000190734863,2020/05/28 20:40:14.000,25.772129,-80.360969
"0","381",4.800000190734863,2020/05/28 20:40:17.000,25.772053,-80.360989
"0","382",4.800000190734863,2020/05/28 20:40:25.000,25.771855,-80.360981
"0","383",4.800000190734863,2020/05/28 20:40:33.000,25.771654,-80.360985
"0","384",4.800000190734863,2020/05/28 20:40:34.000,25.771629,-80.360982
"0","385",4.800000190734863,2020/05/28 20:40:42.000,25.771452,-80.360964
"0","386",4.800000190734863,2020/05/28 20:40:50.000,25.771268,-80.360945
"0","387",4.800000190734863,2020/05/28 20:40:51.000,25.771246,-80.360940
"0","388",5.199999809265137,2020/05/28 20:40:57.000,25.771116,-80.360943
"0","389",5.400000095367432,2020/05/28 20:41:04.000,25.770959,-80.360888
"0","390",5.400000095367432,2020/05/28 20:41:12.000,25.770770,-80.360866
"0","391",5.400000095367432,2020/05/28 20:41:20.000,25.770585,-80.360807
"0","392",5.199999809265137,2020/05/28 20:41:21.000,25.770566,-80.360794
"0","393",5.400000095367432,2020/05/28 20:41:26.000,25.770527,-80.360681
"0","394",5.400000095367432,2020/05/28 20:41:33.000,25.770536,-80.360524
"0","395",5.400000095367432,2020/05/28 20:41:38.000,25.770426,-80.360492
"0","396",5.400000095367432,2020/05/28 20:41:46.000,25.770238,-80.360492
"0","397",5.400000095367432,2020/05/28 20:41:54.000,25.770046,-80.360485
"0","398",5.400000095367432,2020/05/28 20:41:55.000,25.770024,-80.360475
"0","399",5.400000095367432,2020/05/28 20:41:59.000,25.769985,-80.360387
"0","400",4.800000190734863,2020/05/28 20:42:07.000,25.770005,-80.360185
"0","401",4.800000190734863,2020/05/28 20:42:16.000,25.770063,-80.359975
"0","402",5.000000000000000,2020/05/28 20:42:17.000,25.770065,-80.359950
"0","403",5.000000000000000,2020/05/28 20:42:25.000,25.770095,-80.359769
"0","404",5.000000000000000,2020/05/28 20:42:29.000,25.770185,-80.359757
"0","405",5.000000000000000,2020/05/28 20:42:32.000,25.770165,-80.359704
"0","406",5.199999809265137,2020/05/28 20:42:34.000,25.770123,-80.359681
"0","407",5.199999809265137,2020/05/28 20:42:36.000,25.770092,-80.359652
"0","408",5.199999809265137,2020/05/28 20:42:37.000,25.770087,-80.359628
"0","409",5.199999809265137,2020/05/28 20:42:38.000,25.770090,-80.359601
"0","410",5.199999809265137,2020/05/28 20:42:40.000,25.770119,-80.359574
"0","411",5.400000095367432,2020/05/28 20:42:45.000,25.770230,-80.359581
"0","412",5.400000095367432,2020/05/28 20:42:52.000,25.770409,-80.359577
"0","413",5.400000095367432,2020/05/28 20:42:57.000,25.770522,-80.359514
"0","414",5.199999809265137,2020/05/28 20:43:03.000,25.770682,-80.359499
"0","415",5.199999809265137,2020/05/28 20:43:10.000,25.770831,-80.359527
"0","416",5.199999809265137,2020/05/28 20:43:18.000,25.770984,-80.359517
"0","417",5.199999809265137,2020/05/28 20:43:22.000,25.771017,-80.359416
"0","418",5.400000095367432,2020/05/28 20:43:29.000,25.771044,-80.359217
"0","419",5.199999809265137,2020/05/28 20:43:30.000,25.771049,-80.359191
"0","420",6.000000000000000,2020/05/28 20:43:37.000,25.771109,-80.359002
"0","421",5.800000190734863,2020/05/28 20:43:38.000,25.771117,-80.358976
"0","422",6.199999809265137,2020/05/28 20:43:46.000,25.771166,-80.358780
"0","423",6.199999809265137,2020/05/28 20:43:47.000,25.771168,-80.358751
"0","424",6.000000000000000,2020/05/28 20:43:55.000,25.771189,-80.358555
"0","425",6.000000000000000,2020/05/28 20:44:03.000,25.771200,-80.358362
"0","426",6.000000000000000,2020/05/28 20:44:11.000,25.771224,-80.358162
"0","427",6.000000000000000,2020/05/28 20:44:19.000,25.771235,-80.357980
"0","428",5.800000190734863,2020/05/28 20:44:28.000,25.771242,-80.357776
"0","429",5.800000190734863,2020/05/28 20:44:30.000,25.771242,-80.357726
"0","430",5.800000190734863,2020/05/28 20:44:38.000,25.771243,-80.357525
"0","431",5.800000190734863,2020/05/28 20:44:39.000,25.771241,-80.357499
"0","432",6.000000000000000,2020/05/28 20:44:44.000,25.771176,-80.357402
"0","433",5.800000190734863,2020/05/28 20:44:51.000,25.770989,-80.357334
"0","434",5.599999904632568,2020/05/28 20:44:59.000,25.770793,-80.357298
"0","435",5.599999904632568,2020/05/28 20:45:06.000,25.770631,-80.357277
"0","436",5.800000190734863,2020/05/28 20:45:14.000,25.770457,-80.357246
"0","437",5.599999904632568,2020/05/28 20:45:22.000,25.770271,-80.357222
"0","438",5.599999904632568,2020/05/28 20:45:23.000,25.770251,-80.357217
"0","439",5.599999904632568,2020/05/28 20:45:31.000,25.770087,-80.357234
"0","440",5.599999904632568,2020/05/28 20:45:37.000,25.769951,-80.357194
"0","441",5.800000190734863,2020/05/28 20:45:45.000,25.769765,-80.357141
"0","442",5.599999904632568,2020/05/28 20:45:50.000,25.769647,-80.357123
"0","443",5.400000095367432,2020/05/28 20:45:58.000,25.769463,-80.357108
"0","444",5.199999809265137,2020/05/28 20:46:06.000,25.769286,-80.357087
"0","445",5.199999809265137,2020/05/28 20:46:14.000,25.769107,-80.357080
"0","446",5.000000000000000,2020/05/28 20:46:21.000,25.768990,-80.356979
"0","447",4.599999904632568,2020/05/28 20:46:28.000,25.769012,-80.356807
"0","448",4.400000095367432,2020/05/28 20:46:33.000,25.769034,-80.356695
"0","449",4.400000095367432,2020/05/28 20:46:35.000,25.769042,-80.356647
"0","450",4.400000095367432,2020/05/28 20:46:44.000,25.769072,-80.356428
"0","451",4.400000095367432,2020/05/28 20:46:46.000,25.769073,-80.356377
"0","452",4.400000095367432,2020/05/28 20:46:54.000,25.769093,-80.356167
"0","453",4.400000095367432,2020/05/28 20:46:59.000,25.769154,-80.356062
"0","454",4.599999904632568,2020/05/28 20:47:05.000,25.769279,-80.356063
"0","455",4.599999904632568,2020/05/28 20:47:11.000,25.769377,-80.356094
"0","456",4.599999904632568,2020/05/28 20:47:18.000,25.769486,-80.356200
"0","457",4.599999904632568,2020/05/28 20:47:27.000,25.769579,-80.356386
"0","458",4.599999904632568,2020/05/28 20:47:36.000,25.769673,-80.356562
"0","459",4.599999904632568,2020/05/28 20:47:38.000,25.769690,-80.356597
"0","460",4.400000095367432,2020/05/28 20:47:46.000,25.769774,-80.356743
"0","461",4.400000095367432,2020/05/28 20:47:54.000,25.769890,-80.356826
"0","462",4.199999809265137,2020/05/28 20:48:02.000,25.770055,-80.356872
"0","463",4.000000000000000,2020/05/28 20:48:11.000,25.770242,-80.356900
"0","464",4.000000000000000,2020/05/28 20:48:12.000,25.770262,-80.356901
"0","465",4.000000000000000,2020/05/28 20:48:20.000,25.770447,-80.356872
"0","466",4.000000000000000,2020/05/28 20:48:26.000,25.770611,-80.356779
"0","467",4.000000000000000,2020/05/28 20:48:28.000,25.770661,-80.356733
"0","468",4.199999809265137,2020/05/28 20:48:35.000,25.770786,-80.356583
"0","469",5.199999809265137,2020/05/28 20:53:28.000,25.770824,-80.356512
"0","470",5.199999809265137,2020/05/28 20:53:29.000,25.770814,-80.356526
"0","471",5.199999809265137,2020/05/28 20:53:33.000,25.770756,-80.356635
"0","472",5.199999809265137,2020/05/28 20:53:36.000,25.770694,-80.356698
"0","473",5.199999809265137,2020/05/28 20:53:39.000,25.770619,-80.356741
"0","474",5.400000095367432,2020/05/28 20:53:45.000,25.770469,-80.356762
"0","475",5.599999904632568,2020/05/28 20:53:47.000,25.770420,-80.356763
"0","476",6.000000000000000,2020/05/28 20:53:53.000,25.770277,-80.356776
"0","477",6.000000000000000,2020/05/28 20:53:58.000,25.770153,-80.356771
"0","478",6.000000000000000,2020/05/28 20:54:00.000,25.770103,-80.356770
"0","479",6.000000000000000,2020/05/28 20:54:01.000,25.770080,-80.356768
"0","480",5.800000190734863,2020/05/28 20:54:07.000,25.769941,-80.356738
"0","481",5.599999904632568,2020/05/28 20:54:08.000,25.769920,-80.356730
"0","482",5.599999904632568,2020/05/28 20:54:14.000,25.769797,-80.356648
"0","483",5.599999904632568,2020/05/28 20:54:16.000,25.769759,-80.356612
"0","484",5.599999904632568,2020/05/28 20:54:25.000,25.769644,-80.356437
"0","485",5.400000095367432,2020/05/28 20:54:33.000,25.769557,-80.356258
"0","486",5.400000095367432,2020/05/28 20:54:35.000,25.769532,-80.356220
"0","487",5.400000095367432,2020/05/28 20:54:42.000,25.769381,-80.356098
"0","488",5.400000095367432,2020/05/28 20:54:43.000,25.769358,-80.356087
"0","489",4.400000095367432,2020/05/28 20:54:48.000,25.769242,-80.356048
"0","490",4.199999809265137,2020/05/28 20:54:51.000,25.769168,-80.356038
"0","491",4.000000000000000,2020/05/28 20:54:57.000,25.769051,-80.356058
"0","492",4.199999809265137,2020/05/28 20:54:58.000,25.769042,-80.356078
"0","493",4.000000000000000,2020/05/28 20:55:06.000,25.769024,-80.356258
"0","494",4.000000000000000,2020/05/28 20:55:13.000,25.769022,-80.356444
"0","495",4.199999809265137,2020/05/28 20:55:20.000,25.769011,-80.356629
"0","496",4.199999809265137,2020/05/28 20:55:27.000,25.769021,-80.356807
"0","497",4.199999809265137,2020/05/28 20:55:34.000,25.769024,-80.356986
"0","498",4.000000000000000,2020/05/28 20:55:40.000,25.769117,-80.357089
"0","499",4.199999809265137,2020/05/28 20:55:48.000,25.769292,-80.357131
"0","500",4.599999904632568,2020/05/28 20:55:57.000,25.769486,-80.357135
"0","501",4.599999904632568,2020/05/28 20:56:04.000,25.769676,-80.357139
"0","502",4.400000095367432,2020/05/28 20:56:06.000,25.769731,-80.357142
"0","503",4.199999809265137,2020/05/28 20:56:14.000,25.769892,-80.357161
"0","504",4.199999809265137,2020/05/28 20:56:22.000,25.770061,-80.357209
"0","505",4.199999809265137,2020/05/28 20:56:28.000,25.770213,-80.357243
"0","506",4.400000095367432,2020/05/28 20:56:36.000,25.770401,-80.357250
"0","507",4.400000095367432,2020/05/28 20:56:37.000,25.770424,-80.357253
"0","508",4.599999904632568,2020/05/28 20:56:45.000,25.770617,-80.357278
"0","509",5.599999904632568,2020/05/28 20:56:52.000,25.770792,-80.357311
"0","510",6.199999809265137,2020/05/28 20:57:00.000,25.770988,-80.357331
"0","511",5.800000190734863,2020/05/28 20:57:01.000,25.771008,-80.357337
"0","512",5.800000190734863,2020/05/28 20:57:07.000,25.771133,-80.357353
"0","513",6.000000000000000,2020/05/28 20:57:10.000,25.771128,-80.357412
"0","514",5.800000190734863,2020/05/28 20:57:17.000,25.771160,-80.357580
"0","515",5.800000190734863,2020/05/28 20:57:25.000,25.771171,-80.357786
"0","516",5.800000190734863,2020/05/28 20:57:33.000,25.771180,-80.357981
"0","517",6.199999809265137,2020/05/28 20:57:40.000,25.771205,-80.358149
"0","518",6.199999809265137,2020/05/28 20:57:47.000,25.771214,-80.358329
"0","519",6.000000000000000,2020/05/28 20:57:52.000,25.771218,-80.358451
"0","520",6.000000000000000,2020/05/28 20:57:55.000,25.771209,-80.358518
"0","521",6.199999809265137,2020/05/28 20:58:03.000,25.771217,-80.358698
"0","522",6.199999809265137,2020/05/28 20:58:10.000,25.771208,-80.358884
"0","523",6.199999809265137,2020/05/28 20:58:17.000,25.771214,-80.359077
"0","524",6.199999809265137,2020/05/28 20:58:25.000,25.771157,-80.359297
"0","525",6.199999809265137,2020/05/28 20:58:27.000,25.771153,-80.359358
"0","526",6.199999809265137,2020/05/28 20:58:33.000,25.771108,-80.359537
"0","527",6.400000095367432,2020/05/28 20:58:40.000,25.771087,-80.359734
"0","528",6.199999809265137,2020/05/28 20:58:47.000,25.771082,-80.359924
"0","529",6.000000000000000,2020/05/28 20:58:54.000,25.771101,-80.360106
"0","530",6.000000000000000,2020/05/28 20:59:00.000,25.771120,-80.360272
"0","531",6.000000000000000,2020/05/28 20:59:08.000,25.771127,-80.360473
"0","532",6.000000000000000,2020/05/28 20:59:10.000,25.771122,-80.360526
"0","533",6.000000000000000,2020/05/28 20:59:17.000,25.771109,-80.360713
"0","534",6.199999809265137,2020/05/28 20:59:24.000,25.771130,-80.360888
"0","535",6.199999809265137,2020/05/28 20:59:29.000,25.771203,-80.360943
"0","536",6.199999809265137,2020/05/28 20:59:38.000,25.771397,-80.360950
"0","537",4.800000190734863,2020/05/28 20:59:45.000,25.771550,-80.360952
"0","538",4.599999904632568,2020/05/28 20:59:48.000,25.771606,-80.360960
"0","539",4.599999904632568,2020/05/28 20:59:54.000,25.771721,-80.360978
"0","540",4.599999904632568,2020/05/28 21:00:01.000,25.771856,-80.360985
"0","541",4.400000095367432,2020/05/28 21:00:09.000,25.772030,-80.360981
"0","542",4.400000095367432,2020/05/28 21:00:12.000,25.772104,-80.360946
"0","543",4.199999809265137,2020/05/28 21:00:14.000,25.772119,-80.360912
"0","544",4.000000000000000,2020/05/28 21:00:21.000,25.772139,-80.360731
"0","545",4.199999809265137,2020/05/28 21:00:28.000,25.772107,-80.360562
"0","546",4.400000095367432,2020/05/28 21:00:32.000,25.772083,-80.360474
"0","547",4.400000095367432,2020/05/28 21:00:37.000,25.772099,-80.360347
"0","548",4.400000095367432,2020/05/28 21:00:42.000,25.772098,-80.360237
"0","549",4.400000095367432,2020/05/28 21:00:45.000,25.772090,-80.360169
"0","550",4.400000095367432,2020/05/28 21:00:51.000,25.772180,-80.359980
"0","551",4.199999809265137,2020/05/28 21:00:59.000,25.772187,-80.359771
"0","552",4.000000000000000,2020/05/28 21:01:06.000,25.772134,-80.359605
"0","553",4.000000000000000,2020/05/28 21:01:15.000,25.772061,-80.359397
"0","554",5.800000190734863,2020/05/28 21:01:23.000,25.772020,-80.359213
"0","555",5.400000095367432,2020/05/28 21:01:25.000,25.772012,-80.359168
"0","556",5.800000190734863,2020/05/28 21:01:32.000,25.771987,-80.359020
"0","557",5.800000190734863,2020/05/28 21:01:40.000,25.771929,-80.358809
"0","558",5.800000190734863,2020/05/28 21:01:41.000,25.771928,-80.358787
"0","559",5.800000190734863,2020/05/28 21:01:49.000,25.771892,-80.358617
"0","560",4.800000190734863,2020/05/28 21:01:57.000,25.771832,-80.358436
"0","561",4.400000095367432,2020/05/28 21:02:03.000,25.771742,-80.358316
"0","562",4.400000095367432,2020/05/28 21:02:04.000,25.771726,-80.358303
"0","563",4.199999809265137,2020/05/28 21:02:09.000,25.771608,-80.358281
"0","564",4.400000095367432,2020/05/28 21:02:16.000,25.771446,-80.358290
"0","565",4.199999809265137,2020/05/28 21:02:24.000,25.771284,-80.358276
"0","566",4.199999809265137,2020/05/28 21:02:26.000,25.771265,-80.358300
"0","567",4.199999809265137,2020/05/28 21:02:28.000,25.771240,-80.358326
"0","568",4.400000095367432,2020/05/28 21:02:36.000,25.771219,-80.358514
"0","569",6.000000000000000,2020/05/28 21:02:37.000,25.771210,-80.358539
"0","570",4.800000190734863,2020/05/28 21:02:41.000,25.771202,-80.358646
"0","571",5.000000000000000,2020/05/28 21:02:44.000,25.771199,-80.358731
"0","572",5.199999809265137,2020/05/28 21:02:52.000,25.771167,-80.358939
"0","573",5.199999809265137,2020/05/28 21:03:00.000,25.771166,-80.359122
"0","574",5.199999809265137,2020/05/28 21:03:08.000,25.771161,-80.359334
"0","575",5.400000095367432,2020/05/28 21:03:15.000,25.771152,-80.359513
"0","576",5.199999809265137,2020/05/28 21:03:23.000,25.771122,-80.359720
"0","577",5.199999809265137,2020/05/28 21:03:29.000,25.771098,-80.359876
"0","578",5.400000095367432,2020/05/28 21:03:38.000,25.771122,-80.360102
"0","579",5.400000095367432,2020/05/28 21:03:43.000,25.771068,-80.360231
"0","580",5.400000095367432,2020/05/28 21:03:48.000,25.770945,-80.360240
"0","581",5.199999809265137,2020/05/28 21:03:49.000,25.770923,-80.360240
"0","582",5.000000000000000,2020/05/28 21:03:54.000,25.770858,-80.360233
"0","583",5.000000000000000,2020/05/28 21:03:57.000,25.770797,-80.360231
"0","584",4.800000190734863,2020/05/28 21:04:05.000,25.770601,-80.360211
"0","585",5.400000095367432,2020/05/28 21:04:11.000,25.770468,-80.360259
"0","586",5.400000095367432,2020/05/28 21:04:18.000,25.770363,-80.360396
"0","587",5.400000095367432,2020/05/28 21:04:25.000,25.770300,-80.360556
"0","588",5.400000095367432,2020/05/28 21:04:26.000,25.770308,-80.360574
"0","589",5.400000095367432,2020/05/28 21:04:29.000,25.770356,-80.360617
"0","590",5.400000095367432,2020/05/28 21:04:34.000,25.770409,-80.360728
"0","591",5.599999904632568,2020/05/28 21:04:42.000,25.770437,-80.360935
"0","592",5.400000095367432,2020/05/28 21:04:49.000,25.770475,-80.361118
"0","593",5.199999809265137,2020/05/28 21:04:57.000,25.770635,-80.361254
"0","594",5.000000000000000,2020/05/28 21:05:04.000,25.770738,-80.361392
"0","595",5.000000000000000,2020/05/28 21:05:05.000,25.770744,-80.361417
"0","596",5.000000000000000,2020/05/28 21:05:14.000,25.770853,-80.361606
"0","597",4.800000190734863,2020/05/28 21:05:23.000,25.770959,-80.361800
"0","598",4.800000190734863,2020/05/28 21:05:31.000,25.771040,-80.361989
"0","599",4.800000190734863,2020/05/28 21:05:38.000,25.771090,-80.362143
"0","600",4.800000190734863,2020/05/28 21:05:47.000,25.771149,-80.362357
"0","601",4.800000190734863,2020/05/28 21:05:54.000,25.771173,-80.362544
"0","602",5.000000000000000,2020/05/28 21:06:02.000,25.771196,-80.362727
"0","603",5.000000000000000,2020/05/28 21:06:11.000,25.771219,-80.362937
"0","604",5.000000000000000,2020/05/28 21:06:12.000,25.771222,-80.362967
"0","605",5.000000000000000,2020/05/28 21:06:21.000,25.771275,-80.363178
"0","606",5.000000000000000,2020/05/28 21:06:29.000,25.771320,-80.363397
"0","607",5.000000000000000,2020/05/28 21:06:31.000,25.771333,-80.363445
"0","608",4.800000190734863,2020/05/28 21:06:38.000,25.771405,-80.363569
"0","609",4.800000190734863,2020/05/28 21:06:47.000,25.771521,-80.363740
"0","610",4.800000190734863,2020/05/28 21:06:54.000,25.771627,-80.363887
"0","611",4.800000190734863,2020/05/28 21:07:02.000,25.771749,-80.364031
"0","612",4.800000190734863,2020/05/28 21:07:10.000,25.771882,-80.364178
"0","613",4.599999904632568,2020/05/28 21:07:14.000,25.771941,-80.364251
"0","614",4.599999904632568,2020/05/28 21:07:18.000,25.772004,-80.364322
"0","615",4.599999904632568,2020/05/28 21:07:26.000,25.772136,-80.364462
"0","616",4.599999904632568,2020/05/28 21:07:34.000,25.772262,-80.364597
"0","617",4.800000190734863,2020/05/28 21:07:41.000,25.772355,-80.364709
"0","618",4.800000190734863,2020/05/28 21:07:48.000,25.772445,-80.364839
"0","619",4.800000190734863,2020/05/28 21:07:56.000,25.772517,-80.365052
"0","620",4.800000190734863,2020/05/28 21:07:58.000,25.772533,-80.365100
"0","621",4.800000190734863,2020/05/28 21:08:05.000,25.772594,-80.365225
"0","622",4.800000190734863,2020/05/28 21:08:11.000,25.772635,-80.365332
"0","623",4.599999904632568,2020/05/28 21:08:18.000,25.772705,-80.365488
"0","624",4.800000190734863,2020/05/28 21:08:25.000,25.772769,-80.365649
"0","625",5.000000000000000,2020/05/28 21:08:34.000,25.772871,-80.365838
"0","626",5.000000000000000,2020/05/28 21:08:35.000,25.772881,-80.365861
"0","627",5.000000000000000,2020/05/28 21:08:42.000,25.772960,-80.366027
"0","628",5.000000000000000,2020/05/28 21:08:49.000,25.773052,-80.366181
"0","629",4.800000190734863,2020/05/28 21:08:56.000,25.773157,-80.366325
"0","630",4.800000190734863,2020/05/28 21:09:02.000,25.773269,-80.366437
"0","631",5.000000000000000,2020/05/28 21:09:13.000,25.773280,-80.366423
"0","632",5.599999904632568,2020/05/28 21:09:17.000,25.773243,-80.366466
"0","633",5.199999809265137,2020/05/28 21:09:19.000,25.773222,-80.366510
"0","634",5.000000000000000,2020/05/28 21:09:21.000,25.773214,-80.366570
"0","635",5.000000000000000,2020/05/28 21:09:22.000,25.773225,-80.366599
"0","636",5.000000000000000,2020/05/28 21:09:25.000,25.773258,-80.366667
"0","637",5.000000000000000,2020/05/28 21:09:28.000,25.773298,-80.366720
"0","638",5.000000000000000,2020/05/28 21:09:35.000,25.773387,-80.366846
"0","639",5.000000000000000,2020/05/28 21:09:41.000,25.773481,-80.366962
"0","640",5.199999809265137,2020/05/28 21:09:49.000,25.773633,-80.367067
"0","641",5.199999809265137,2020/05/28 21:09:56.000,25.773772,-80.367118
"0","642",5.400000095367432,2020/05/28 21:10:02.000,25.773915,-80.367165
"0","643",5.400000095367432,2020/05/28 21:10:03.000,25.773938,-80.367174
"0","644",5.400000095367432,2020/05/28 21:10:09.000,25.774136,-80.367192
"0","645",5.400000095367432,2020/05/28 21:10:11.000,25.774177,-80.367204
"0","646",5.199999809265137,2020/05/28 21:10:16.000,25.774317,-80.367164
"0","647",5.199999809265137,2020/05/28 21:10:22.000,25.774437,-80.367079
"0","648",5.199999809265137,2020/05/28 21:10:27.000,25.774521,-80.367061
"0","649",5.000000000000000,2020/05/28 21:10:34.000,25.774645,-80.367072
"0","650",5.000000000000000,2020/05/28 21:10:42.000,25.774788,-80.367077
"0","651",5.000000000000000,2020/05/28 21:10:50.000,25.774914,-80.367075
"0","652",5.000000000000000,2020/05/28 21:10:57.000,25.775029,-80.367040
"0","653",5.000000000000000,2020/05/28 21:11:02.000,25.775124,-80.366938
"0","654",5.000000000000000,2020/05/28 21:11:08.000,25.775161,-80.366796
"0","655",5.000000000000000,2020/05/28 21:11:16.000,25.775192,-80.366623
"0","656",5.199999809265137,2020/05/28 21:11:23.000,25.775183,-80.366451
"0","657",5.000000000000000,2020/05/28 21:11:30.000,25.775162,-80.366274
"0","658",5.000000000000000,2020/05/28 21:11:37.000,25.775138,-80.366085
"0","659",5.000000000000000,2020/05/28 21:11:45.000,25.775117,-80.365878
"0","660",4.800000190734863,2020/05/28 21:11:52.000,25.775102,-80.365710
"0","661",4.400000095367432,2020/05/28 21:12:01.000,25.775093,-80.365488
"0","662",4.400000095367432,2020/05/28 21:12:04.000,25.775088,-80.365414
"0","663",4.800000190734863,2020/05/28 21:12:13.000,25.775072,-80.365205
"0","664",4.800000190734863,2020/05/28 21:12:22.000,25.775070,-80.364997
"0","665",4.800000190734863,2020/05/28 21:12:23.000,25.775071,-80.364976
"0","666",4.800000190734863,2020/05/28 21:12:33.000,25.775074,-80.364760
"0","667",5.199999809265137,2020/05/28 21:12:41.000,25.775052,-80.364576
"0","668",5.400000095367432,2020/05/28 21:12:50.000,25.775028,-80.364361
"0","669",5.599999904632568,2020/05/28 21:12:58.000,25.775001,-80.364156
"0","670",5.599999904632568,2020/05/28 21:13:04.000,25.774994,-80.364002
"0","671",5.599999904632568,2020/05/28 21:13:12.000,25.774971,-80.363797
"0","672",5.599999904632568,2020/05/28 21:13:13.000,25.774971,-80.363776
"0","673",5.599999904632568,2020/05/28 21:13:21.000,25.774966,-80.363593
"0","674",5.400000095367432,2020/05/28 21:13:29.000,25.774960,-80.363389
"0","675",5.599999904632568,2020/05/28 21:13:31.000,25.774959,-80.363342
"0","676",5.599999904632568,2020/05/28 21:13:39.000,25.774955,-80.363145
"0","677",5.400000095367432,2020/05/28 21:13:48.000,25.774938,-80.362928
"0","678",5.400000095367432,2020/05/28 21:13:56.000,25.774925,-80.362720
"0","679",5.199999809265137,2020/05/28 21:14:04.000,25.774913,-80.362505
"0","680",5.199999809265137,2020/05/28 21:14:05.000,25.774911,-80.362479
"0","681",5.400000095367432,2020/05/28 21:14:13.000,25.774886,-80.362267
"0","682",5.400000095367432,2020/05/28 21:14:14.000,25.774885,-80.362240
"0","683",5.400000095367432,2020/05/28 21:14:22.000,25.774882,-80.362033
"0","684",5.400000095367432,2020/05/28 21:14:23.000,25.774881,-80.362005
"0","685",5.400000095367432,2020/05/28 21:14:31.000,25.774881,-80.361797
"0","686",5.400000095367432,2020/05/28 21:14:33.000,25.774887,-80.361750
"0","687",5.400000095367432,2020/05/28 21:14:42.000,25.774909,-80.361529
"0","688",5.199999809265137,2020/05/28 21:14:48.000,25.774935,-80.361390
"0","689",5.199999809265137,2020/05/28 21:14:56.000,25.774981,-80.361171
"0","690",5.199999809265137,2020/05/28 21:14:58.000,25.774994,-80.361115
"0","691",5.400000095367432,2020/05/28 21:15:05.000,25.775012,-80.360915
"0","692",5.400000095367432,2020/05/28 21:15:13.000,25.775072,-80.360706
"0","693",5.400000095367432,2020/05/28 21:15:21.000,25.775141,-80.360514
"0","694",5.199999809265137,2020/05/28 21:15:23.000,25.775161,-80.360467
"0","695",5.199999809265137,2020/05/28 21:15:31.000,25.775241,-80.360283
"0","696",5.400000095367432,2020/05/28 21:15:39.000,25.775330,-80.360087
"0","697",5.400000095367432,2020/05/28 21:15:41.000,25.775355,-80.360046
"0","698",5.400000095367432,2020/05/28 21:15:49.000,25.775447,-80.359874
"0","699",5.199999809265137,2020/05/28 21:15:57.000,25.775512,-80.359715
"0","700",5.400000095367432,2020/05/28 21:16:06.000,25.775587,-80.359510
"0","701",5.400000095367432,2020/05/28 21:16:14.000,25.775668,-80.359318
"0","702",5.400000095367432,2020/05/28 21:16:16.000,25.775689,-80.359272
"0","703",5.400000095367432,2020/05/28 21:16:21.000,25.775732,-80.359153
"0","704",5.400000095367432,2020/05/28 21:16:24.000,25.775755,-80.359081
"0","705",5.000000000000000,2020/05/28 21:16:32.000,25.775806,-80.358877
"0","706",5.000000000000000,2020/05/28 21:16:33.000,25.775812,-80.358848
"0","707",5.000000000000000,2020/05/28 21:16:41.000,25.775850,-80.358640
"0","708",5.000000000000000,2020/05/28 21:16:42.000,25.775855,-80.358615
"0","709",5.199999809265137,2020/05/28 21:16:50.000,25.775875,-80.358415
"0","710",5.199999809265137,2020/05/28 21:16:51.000,25.775875,-80.358390
"0","711",5.199999809265137,2020/05/28 21:17:00.000,25.775888,-80.358167
"0","712",5.800000190734863,2020/05/28 21:17:08.000,25.775901,-80.357947
"0","713",6.400000095367432,2020/05/28 21:17:16.000,25.775885,-80.357733
"0","714",6.599999904632568,2020/05/28 21:17:17.000,25.775882,-80.357706
"0","715",6.800000190734863,2020/05/28 21:17:24.000,25.775864,-80.357527
"0","716",6.800000190734863,2020/05/28 21:17:26.000,25.775856,-80.357480
"0","717",7.400000095367432,2020/05/28 21:17:34.000,25.775836,-80.357299
"0","718",7.599999904632568,2020/05/28 21:17:42.000,25.775789,-80.357111
"0","719",7.599999904632568,2020/05/28 21:17:43.000,25.775770,-80.357090
"0","720",7.599999904632568,2020/05/28 21:17:47.000,25.775686,-80.357065
"0","721",7.400000095367432,2020/05/28 21:17:55.000,25.775524,-80.357073
"0","722",7.199999809265137,2020/05/28 21:18:00.000,25.775424,-80.357128
"0","723",7.000000000000000,2020/05/28 21:18:01.000,25.775412,-80.357157
"0","724",7.000000000000000,2020/05/28 21:18:02.000,25.775413,-80.357182
"0","725",6.800000190734863,2020/05/28 21:18:05.000,25.775460,-80.357216
"0","726",6.599999904632568,2020/05/28 21:18:12.000,25.775598,-80.357239
"0","727",6.199999809265137,2020/05/28 21:18:19.000,25.775718,-80.357301
"0","728",5.800000190734863,2020/05/28 21:18:24.000,25.775815,-80.357319
"0","729",5.599999904632568,2020/05/28 21:18:25.000,25.775835,-80.357306
"0","730",5.199999809265137,2020/05/28 21:18:32.000,25.775996,-80.357294
"0","731",5.000000000000000,2020/05/28 21:18:37.000,25.776087,-80.357325
"0","732",5.400000095367432,2020/05/28 21:18:42.000,25.776154,-80.357437
"0","733",6.400000095367432,2020/05/28 21:18:50.000,25.776265,-80.357588
"0","734",6.599999904632568,2020/05/28 21:18:57.000,25.776425,-80.357645
"0","735",6.800000190734863,2020/05/28 21:19:04.000,25.776618,-80.357629
"0","736",6.599999904632568,2020/05/28 21:19:11.000,25.776807,-80.357619
"0","737",6.400000095367432,2020/05/28 21:19:12.000,25.776832,-80.357623
"0","738",6.000000000000000,2020/05/28 21:19:21.000,25.777013,-80.357656
"0","739",5.800000190734863,2020/05/28 21:19:27.000,25.777149,-80.357626
"0","740",5.800000190734863,2020/05/28 21:19:35.000,25.777324,-80.357522
"0","741",5.800000190734863,2020/05/28 21:19:43.000,25.777493,-80.357428
"0","742",5.800000190734863,2020/05/28 21:19:44.000,25.777516,-80.357420
"0","743",6.000000000000000,2020/05/28 21:19:52.000,25.777705,-80.357392
"0","744",6.000000000000000,2020/05/28 21:19:53.000,25.777729,-80.357392
"0","745",6.199999809265137,2020/05/28 21:20:02.000,25.777912,-80.357399
"0","746",6.400000095367432,2020/05/28 21:20:12.000,25.778105,-80.357367
"0","747",6.599999904632568,2020/05/28 21:20:18.000,25.778240,-80.357347
"0","748",6.400000095367432,2020/05/28 21:20:26.000,25.778392,-80.357329
"0","749",6.400000095367432,2020/05/28 21:20:32.000,25.778506,-80.357219
"0","750",6.400000095367432,2020/05/28 21:20:41.000,25.778643,-80.357080
"0","751",6.400000095367432,2020/05/28 21:20:46.000,25.778753,-80.357040
"0","752",6.400000095367432,2020/05/28 21:20:51.000,25.778849,-80.357084
"0","753",6.400000095367432,2020/05/28 21:20:57.000,25.778943,-80.357182
"0","754",6.400000095367432,2020/05/28 21:21:04.000,25.778987,-80.357349
"0","755",6.599999904632568,2020/05/28 21:21:10.000,25.778967,-80.357510
"0","756",6.599999904632568,2020/05/28 21:21:14.000,25.778943,-80.357602
"0","757",6.599999904632568,2020/05/28 21:21:16.000,25.778910,-80.357605
"0","758",6.599999904632568,2020/05/28 21:21:25.000,25.778721,-80.357560
"0","759",6.800000190734863,2020/05/28 21:21:29.000,25.778633,-80.357524
"0","760",6.800000190734863,2020/05/28 21:21:33.000,25.778547,-80.357485
"0","761",6.800000190734863,2020/05/28 21:21:41.000,25.778361,-80.357448
"0","762",6.599999904632568,2020/05/28 21:21:48.000,25.778197,-80.357474
"0","763",6.599999904632568,2020/05/28 21:21:57.000,25.777994,-80.357503
"0","764",6.599999904632568,2020/05/28 21:21:58.000,25.777970,-80.357506
"0","765",6.800000190734863,2020/05/28 21:22:05.000,25.777814,-80.357499
"0","766",6.599999904632568,2020/05/28 21:22:11.000,25.777681,-80.357473
"0","767",6.800000190734863,2020/05/28 21:22:18.000,25.777527,-80.357459
"0","768",7.000000000000000,2020/05/28 21:22:25.000,25.777371,-80.357499
"0","769",7.400000095367432,2020/05/28 21:22:33.000,25.777196,-80.357568
"0","770",7.400000095367432,2020/05/28 21:22:34.000,25.777172,-80.357573
"0","771",7.400000095367432,2020/05/28 21:22:41.000,25.777015,-80.357589
"0","772",7.400000095367432,2020/05/28 21:22:47.000,25.776891,-80.357580
"0","773",7.199999809265137,2020/05/28 21:22:54.000,25.776747,-80.357573
"0","774",7.400000095367432,2020/05/28 21:23:02.000,25.776571,-80.357584
"0","775",7.800000190734863,2020/05/28 21:23:08.000,25.776443,-80.357568
"0","776",8.000000000000000,2020/05/28 21:23:11.000,25.776375,-80.357547
"0","777",8.000000000000000,2020/05/28 21:23:17.000,25.776268,-80.357453
"0","778",7.800000190734863,2020/05/28 21:23:23.000,25.776239,-80.357323
"0","779",7.800000190734863,2020/05/28 21:23:28.000,25.776161,-80.357230
"0","780",7.199999809265137,2020/05/28 21:23:34.000,25.776022,-80.357219
"0","781",6.800000190734863,2020/05/28 21:23:36.000,25.775973,-80.357225
"0","782",6.800000190734863,2020/05/28 21:23:37.000,25.775948,-80.357231
"0","783",6.599999904632568,2020/05/28 21:23:38.000,25.775928,-80.357238
"0","784",6.400000095367432,2020/05/28 21:23:43.000,25.775837,-80.357247
"0","785",6.400000095367432,2020/05/28 21:23:45.000,25.775788,-80.357250
"0","786",6.599999904632568,2020/05/28 21:23:51.000,25.775645,-80.357208
"0","787",7.199999809265137,2020/05/28 21:23:59.000,25.775446,-80.357151
"0","788",7.199999809265137,2020/05/28 21:24:01.000,25.775399,-80.357134
"0","789",7.400000095367432,2020/05/28 21:24:03.000,25.775364,-80.357103
"0","790",7.599999904632568,2020/05/28 21:24:05.000,25.775362,-80.357059
"0","791",7.800000190734863,2020/05/28 21:24:07.000,25.775391,-80.357036
"0","792",8.000000000000000,2020/05/28 21:24:09.000,25.775429,-80.357021
"0","793",8.199999809265137,2020/05/28 21:24:17.000,25.775578,-80.356991
"0","794",8.199999809265137,2020/05/28 21:24:22.000,25.775651,-80.356911
"0","795",8.399999618530273,2020/05/28 21:24:29.000,25.775701,-80.356751
"0","796",8.399999618530273,2020/05/28 21:24:37.000,25.775674,-80.356534
"0","797",8.000000000000000,2020/05/28 21:24:45.000,25.775651,-80.356332
"0","798",7.400000095367432,2020/05/28 21:24:54.000,25.775634,-80.356114
"0","799",7.000000000000000,2020/05/28 21:25:01.000,25.775609,-80.355946
"0","800",7.000000000000000,2020/05/28 21:25:09.000,25.775608,-80.355724
"0","801",7.000000000000000,2020/05/28 21:25:17.000,25.775606,-80.355529
"0","802",7.000000000000000,2020/05/28 21:25:25.000,25.775584,-80.355311
"0","803",7.000000000000000,2020/05/28 21:25:26.000,25.775582,-80.355284
"0","804",7.000000000000000,2020/05/28 21:25:33.000,25.775576,-80.355093
"0","805",7.000000000000000,2020/05/28 21:25:40.000,25.775572,-80.354906
"0","806",7.199999809265137,2020/05/28 21:25:47.000,25.775574,-80.354723
"0","807",7.199999809265137,2020/05/28 21:25:55.000,25.775587,-80.354523
"0","808",7.199999809265137,2020/05/28 21:26:01.000,25.775622,-80.354415
"0","809",7.199999809265137,2020/05/28 21:26:10.000,25.775631,-80.354246
"0","810",7.000000000000000,2020/05/28 21:26:17.000,25.775623,-80.354040
"0","811",7.000000000000000,2020/05/28 21:26:18.000,25.775620,-80.354010
"0","812",7.000000000000000,2020/05/28 21:26:20.000,25.775600,-80.353962
"0","813",7.000000000000000,2020/05/28 21:26:23.000,25.775539,-80.353921
"0","814",7.000000000000000,2020/05/28 21:26:28.000,25.775446,-80.353893
"0","815",7.000000000000000,2020/05/28 21:26:29.000,25.775426,-80.353885
"0","816",7.000000000000000,2020/05/28 21:26:37.000,25.775231,-80.353823
"0","817",7.000000000000000,2020/05/28 21:26:38.000,25.775204,-80.353816
"0","818",7.000000000000000,2020/05/28 21:26:46.000,25.775031,-80.353788
"0","819",7.199999809265137,2020/05/28 21:26:54.000,25.774829,-80.353756
"0","820",7.199999809265137,2020/05/28 21:26:55.000,25.774805,-80.353751
"0","821",7.199999809265137,2020/05/28 21:27:01.000,25.774673,-80.353734
"0","822",7.199999809265137,2020/05/28 21:27:09.000,25.774489,-80.353724
"0","823",7.199999809265137,2020/05/28 21:27:10.000,25.774465,-80.353724
"0","824",7.199999809265137,2020/05/28 21:27:19.000,25.774271,-80.353736
"0","825",7.000000000000000,2020/05/28 21:27:26.000,25.774114,-80.353718
"0","826",7.199999809265137,2020/05/28 21:27:31.000,25.773997,-80.353705
"0","827",7.199999809265137,2020/05/28 21:27:34.000,25.773925,-80.353688
"0","828",7.199999809265137,2020/05/28 21:27:41.000,25.773753,-80.353666
"0","829",7.199999809265137,2020/05/28 21:27:47.000,25.773623,-80.353678
"0","830",7.199999809265137,2020/05/28 21:27:52.000,25.773513,-80.353666
"0","831",7.000000000000000,2020/05/28 21:27:55.000,25.773437,-80.353653
"0","832",7.000000000000000,2020/05/28 21:28:03.000,25.773254,-80.353654
"0","833",7.000000000000000,2020/05/28 21:28:10.000,25.773110,-80.353640
"0","834",6.800000190734863,2020/05/28 21:28:18.000,25.772912,-80.353600
"0","835",6.800000190734863,2020/05/28 21:28:19.000,25.772888,-80.353600
"0","836",6.599999904632568,2020/05/28 21:28:26.000,25.772739,-80.353602
"0","837",6.599999904632568,2020/05/28 21:28:33.000,25.772556,-80.353607
"0","838",7.000000000000000,2020/05/28 21:28:40.000,25.772404,-80.353620
"0","839",7.000000000000000,2020/05/28 21:28:42.000,25.772399,-80.353671
"0","840",7.000000000000000,2020/05/28 21:28:44.000,25.772419,-80.353712
"0","841",7.000000000000000,2020/05/28 21:28:45.000,25.772436,-80.353719
"0","842",7.000000000000000,2020/05/28 21:28:48.000,25.772492,-80.353700
"0","843",6.800000190734863,2020/05/28 21:28:55.000,25.772645,-80.353621
"0","844",6.800000190734863,2020/05/28 21:29:02.000,25.772803,-80.353611
"0","845",6.599999904632568,2020/05/28 21:29:08.000,25.772925,-80.353649
"0","846",6.599999904632568,2020/05/28 21:29:15.000,25.773076,-80.353667
"0","847",6.599999904632568,2020/05/28 21:29:21.000,25.773197,-80.353609
"0","848",6.800000190734863,2020/05/28 21:29:28.000,25.773347,-80.353532
"0","849",7.000000000000000,2020/05/28 21:29:34.000,25.773469,-80.353531
"0","850",7.199999809265137,2020/05/28 21:29:39.000,25.773584,-80.353484
"0","851",7.400000095367432,2020/05/28 21:29:44.000,25.773690,-80.353474
"0","852",7.400000095367432,2020/05/28 21:29:50.000,25.773816,-80.353417
"0","853",7.199999809265137,2020/05/28 21:29:56.000,25.773942,-80.353405
"0","854",7.000000000000000,2020/05/28 21:30:04.000,25.774100,-80.353430
"0","855",7.000000000000000,2020/05/28 21:30:11.000,25.774267,-80.353432
"0","856",7.000000000000000,2020/05/28 21:30:18.000,25.774452,-80.353437
"0","857",7.000000000000000,2020/05/28 21:30:21.000,25.774538,-80.353438
"0","858",7.000000000000000,2020/05/28 21:30:28.000,25.774687,-80.353463
"0","859",7.000000000000000,2020/05/28 21:30:35.000,25.774805,-80.353503
"0","860",7.000000000000000,2020/05/28 21:30:42.000,25.774948,-80.353523
"0","861",7.000000000000000,2020/05/28 21:30:49.000,25.775099,-80.353528
"0","862",7.000000000000000,2020/05/28 21:30:56.000,25.775244,-80.353535
"0","863",7.000000000000000,2020/05/28 21:31:03.000,25.775424,-80.353535
"0","864",7.000000000000000,2020/05/28 21:31:04.000,25.775456,-80.353529
"0","865",6.800000190734863,2020/05/28 21:31:07.000,25.775536,-80.353480
"0","866",6.800000190734863,2020/05/28 21:31:08.000,25.775554,-80.353455
"0","867",6.800000190734863,2020/05/28 21:31:13.000,25.775584,-80.353330
"0","868",6.800000190734863,2020/05/28 21:31:19.000,25.775597,-80.353182
"0","869",6.800000190734863,2020/05/28 21:31:26.000,25.775620,-80.353043
"0","870",7.000000000000000,2020/05/28 21:31:32.000,25.775647,-80.352928
"0","871",7.199999809265137,2020/05/28 21:31:40.000,25.775668,-80.352780
"0","872",7.400000095367432,2020/05/28 21:31:48.000,25.775667,-80.352616
"0","873",7.400000095367432,2020/05/28 21:31:54.000,25.775665,-80.352412
"0","874",7.400000095367432,2020/05/28 21:31:55.000,25.775669,-80.352378
"0","875",7.400000095367432,2020/05/28 21:32:02.000,25.775677,-80.352166
"0","876",7.599999904632568,2020/05/28 21:32:04.000,25.775673,-80.352111
"0","877",7.800000190734863,2020/05/28 21:32:12.000,25.775665,-80.351899
"0","878",7.800000190734863,2020/05/28 21:32:14.000,25.775661,-80.351851
"0","879",7.800000190734863,2020/05/28 21:32:15.000,25.775658,-80.351825
"0","880",8.600000381469727,2020/05/28 21:32:22.000,25.775625,-80.351635
"0","881",8.800000190734863,2020/05/28 21:32:30.000,25.775585,-80.351456
"0","882",9.000000000000000,2020/05/28 21:32:32.000,25.775567,-80.351404
"0","883",9.000000000000000,2020/05/28 21:32:39.000,25.775503,-80.351219
"0","884",8.800000190734863,2020/05/28 21:32:47.000,25.775434,-80.351023
"0","885",8.199999809265137,2020/05/28 21:32:55.000,25.775347,-80.350828
"0","886",8.199999809265137,2020/05/28 21:32:56.000,25.775336,-80.350803
"0","887",8.000000000000000,2020/05/28 21:33:03.000,25.775261,-80.350645
"0","888",7.800000190734863,2020/05/28 21:33:04.000,25.775249,-80.350621
"0","889",7.199999809265137,2020/05/28 21:33:12.000,25.775151,-80.350447
"0","890",7.000000000000000,2020/05/28 21:33:20.000,25.775039,-80.350285
"0","891",7.199999809265137,2020/05/28 21:33:28.000,25.774909,-80.350129
"0","892",7.199999809265137,2020/05/28 21:33:36.000,25.774790,-80.349967
"0","893",7.400000095367432,2020/05/28 21:33:37.000,25.774775,-80.349946
"0","894",7.599999904632568,2020/05/28 21:33:44.000,25.774640,-80.349805
"0","895",7.400000095367432,2020/05/28 21:33:52.000,25.774498,-80.349667
"0","896",7.400000095367432,2020/05/28 21:33:53.000,25.774478,-80.349652
"0","897",7.199999809265137,2020/05/28 21:34:01.000,25.774319,-80.349516
"0","898",7.199999809265137,2020/05/28 21:34:03.000,25.774288,-80.349482
"0","899",7.400000095367432,2020/05/28 21:34:09.000,25.774178,-80.349405
"0","900",7.400000095367432,2020/05/28 21:34:16.000,25.774062,-80.349312
"0","901",7.400000095367432,2020/05/28 21:34:24.000,25.773902,-80.349182
"0","902",7.199999809265137,2020/05/28 21:34:32.000,25.773748,-80.349048
"0","903",7.199999809265137,2020/05/28 21:34:33.000,25.773732,-80.349027
"0","904",7.400000095367432,2020/05/28 21:34:42.000,25.773591,-80.348869
"0","905",7.400000095367432,2020/05/28 21:34:50.000,25.773453,-80.348723
"0","906",7.400000095367432,2020/05/28 21:34:52.000,25.773421,-80.348689
"0","907",7.199999809265137,2020/05/28 21:34:58.000,25.773335,-80.348578
"0","908",7.199999809265137,2020/05/28 21:35:06.000,25.773229,-80.348437
"0","909",7.199999809265137,2020/05/28 21:35:13.000,25.773105,-80.348308
"0","910",7.199999809265137,2020/05/28 21:35:19.000,25.773016,-80.348178
"0","911",7.199999809265137,2020/05/28 21:35:24.000,25.772961,-80.348077
"0","912",7.199999809265137,2020/05/28 21:35:31.000,25.772886,-80.347917
"0","913",7.000000000000000,2020/05/28 21:35:38.000,25.772825,-80.347727
"0","914",7.000000000000000,2020/05/28 21:35:39.000,25.772821,-80.347700
"0","915",7.000000000000000,2020/05/28 21:35:46.000,25.772768,-80.347520
"0","916",7.000000000000000,2020/05/28 21:35:54.000,25.772685,-80.347323
"0","917",7.000000000000000,2020/05/28 21:36:01.000,25.772640,-80.347159
"0","918",7.199999809265137,2020/05/28 21:36:09.000,25.772607,-80.346960
"0","919",7.199999809265137,2020/05/28 21:36:17.000,25.772570,-80.346758
"0","920",7.199999809265137,2020/05/28 21:36:24.000,25.772572,-80.346571
"0","921",7.199999809265137,2020/05/28 21:36:32.000,25.772570,-80.346352
"0","922",7.400000095367432,2020/05/28 21:36:40.000,25.772555,-80.346138
"0","923",7.400000095367432,2020/05/28 21:36:48.000,25.772536,-80.345932
"0","924",7.400000095367432,2020/05/28 21:36:49.000,25.772535,-80.345906
"0","925",7.199999809265137,2020/05/28 21:36:56.000,25.772559,-80.345710
"0","926",7.000000000000000,2020/05/28 21:37:04.000,25.772601,-80.345530
"0","927",7.400000095367432,2020/05/28 21:37:11.000,25.772634,-80.345347
"0","928",7.199999809265137,2020/05/28 21:37:19.000,25.772700,-80.345165
"0","929",7.199999809265137,2020/05/28 21:37:25.000,25.772749,-80.345050
"0","930",7.000000000000000,2020/05/28 21:37:33.000,25.772824,-80.344884
"0","931",7.199999809265137,2020/05/28 21:37:40.000,25.772924,-80.344745
"0","932",7.199999809265137,2020/05/28 21:37:47.000,25.772988,-80.344613
"0","933",7.199999809265137,2020/05/28 21:37:49.000,25.772993,-80.344560
"0","934",7.400000095367432,2020/05/28 21:37:52.000,25.773015,-80.344489
"0","935",7.400000095367432,2020/05/28 21:38:00.000,25.773095,-80.344286
"0","936",7.400000095367432,2020/05/28 21:38:02.000,25.773133,-80.344233
"0","937",7.400000095367432,2020/05/28 21:38:08.000,25.773212,-80.344086
"0","938",7.199999809265137,2020/05/28 21:38:15.000,25.773290,-80.343908
"0","939",7.199999809265137,2020/05/28 21:38:22.000,25.773334,-80.343730
"0","940",7.000000000000000,2020/05/28 21:38:29.000,25.773381,-80.343564
"0","941",7.000000000000000,2020/05/28 21:38:36.000,25.773418,-80.343372
"0","942",6.800000190734863,2020/05/28 21:38:43.000,25.773454,-80.343176
"0","943",6.800000190734863,2020/05/28 21:38:44.000,25.773460,-80.343147
"0","944",6.800000190734863,2020/05/28 21:38:52.000,25.773496,-80.342926
"0","945",6.800000190734863,2020/05/28 21:38:54.000,25.773490,-80.342870
"0","946",6.800000190734863,2020/05/28 21:39:02.000,25.773507,-80.342646
"0","947",7.000000000000000,2020/05/28 21:39:10.000,25.773513,-80.342447
"0","948",7.000000000000000,2020/05/28 21:39:15.000,25.773503,-80.342317
"0","949",7.000000000000000,2020/05/28 21:39:19.000,25.773495,-80.342219
"0","950",7.199999809265137,2020/05/28 21:39:25.000,25.773454,-80.342054
"0","951",7.199999809265137,2020/05/28 21:39:26.000,25.773446,-80.342024
"0","952",7.199999809265137,2020/05/28 21:39:33.000,25.773416,-80.341818
"0","953",7.199999809265137,2020/05/28 21:39:34.000,25.773410,-80.341791
"0","954",7.199999809265137,2020/05/28 21:39:41.000,25.773360,-80.341608
"0","955",7.400000095367432,2020/05/28 21:39:49.000,25.773266,-80.341415
"0","956",7.599999904632568,2020/05/28 21:39:55.000,25.773223,-80.341255
"0","957",7.599999904632568,2020/05/28 21:40:03.000,25.773156,-80.341070
"0","958",7.800000190734863,2020/05/28 21:40:10.000,25.773087,-80.340903
"0","959",7.599999904632568,2020/05/28 21:40:17.000,25.773006,-80.340738
"0","960",7.599999904632568,2020/05/28 21:40:25.000,25.772903,-80.340573
"0","961",7.400000095367432,2020/05/28 21:40:26.000,25.772892,-80.340553
"0","962",7.400000095367432,2020/05/28 21:40:33.000,25.772791,-80.340413
"0","963",7.199999809265137,2020/05/28 21:40:42.000,25.772661,-80.340244
"0","964",7.000000000000000,2020/05/28 21:40:51.000,25.772514,-80.340109
"0","965",7.199999809265137,2020/05/28 21:40:58.000,25.772408,-80.339992
"0","966",7.199999809265137,2020/05/28 21:41:05.000,25.772298,-80.339890
"0","967",6.800000190734863,2020/05/28 21:41:36.000,25.772315,-80.339505
"0","968",6.800000190734863,2020/05/28 21:41:37.000,25.772329,-80.339489
"0","969",6.800000190734863,2020/05/28 21:41:42.000,25.772407,-80.339393
"0","970",7.199999809265137,2020/05/28 21:41:49.000,25.772492,-80.339249
"0","971",7.400000095367432,2020/05/28 21:41:56.000,25.772552,-80.339086
"0","972",7.400000095367432,2020/05/28 21:41:58.000,25.772572,-80.339039
"0","973",7.599999904632568,2020/05/28 21:42:05.000,25.772632,-80.338876
"0","974",7.599999904632568,2020/05/28 21:42:06.000,25.772643,-80.338852
"0","975",7.599999904632568,2020/05/28 21:42:13.000,25.772700,-80.338702
"0","976",7.400000095367432,2020/05/28 21:42:18.000,25.772735,-80.338591
"0","977",7.199999809265137,2020/05/28 21:42:24.000,25.772780,-80.338446
"0","978",7.199999809265137,2020/05/28 21:42:31.000,25.772848,-80.338261
"0","979",7.000000000000000,2020/05/28 21:42:39.000,25.772920,-80.338079
"0","980",7.000000000000000,2020/05/28 21:42:45.000,25.772945,-80.337965
"0","981",7.000000000000000,2020/05/28 21:42:51.000,25.772959,-80.337838
